{
  "stack_name": "A",
  "model_type": "Pipeline",
  "best_params": {
    "xgb_grow": "lossguide",
    "xgb_n": 810,
    "xgb_lr": 0.01959527598402823,
    "xgb_d": 10,
    "xgb_sub": 0.7153565528719972,
    "xgb_col": 0.8314209026110868,
    "xgb_alpha": 0.006023800787503984,
    "xgb_lambda": 9.873919899473613,
    "xgb_gamma": 6.090536865024102,
    "xgb_min_child": 1,
    "xgb_leaves": 88,
    "lgb_n": 508,
    "lgb_lr": 0.044387209251005984,
    "lgb_d": 4,
    "lgb_sub": 0.9943923262847623,
    "lgb_col": 0.8148000449746595,
    "lgb_leaves": 166,
    "lgb_min_child": 80,
    "lgb_min_weight": 1.3047803341737045,
    "lgb_alpha": 1.4012184436603954,
    "lgb_lambda": 0.00011638917780017985,
    "lgb_cat_smooth": 105,
    "lgb_cat_l2": 10.216468497745518,
    "lgb_min_data_bin": 25,
    "lgb_path_smooth": 0.032880233837565706,
    "cat_bootstrap": "Bernoulli",
    "cat_n": 696,
    "cat_lr": 0.04674018248665308,
    "cat_d": 6,
    "cat_l2": 15.91288830325788,
    "cat_rs": 16.131910265973286,
    "cat_leaf_iters": 1,
    "cat_grow": "Depthwise",
    "cat_min_data": 11,
    "cat_border_count": 251,
    "cat_subsample": 0.9969550701018532,
    "meta_type": "logistic",
    "meta_log_c": 0.12577398058315473
  },
  "training_samples": 18524,
  "features": [
    "Time_spent_Alone",
    "Social_event_attendance",
    "Going_outside",
    "Friends_circle_size",
    "Post_frequency",
    "Stage_fear_No",
    "Stage_fear_Unknown",
    "Stage_fear_Yes",
    "Drained_after_socializing_No",
    "Drained_after_socializing_Unknown",
    "Drained_after_socializing_Yes",
    "match_p_Extrovert",
    "match_p_Introvert",
    "match_p_Unknown"
  ],
  "target_classes": [
    0,
    1
  ],
  "label_mapping": {
    "0": "Extrovert",
    "1": "Introvert"
  }
}
