{
  "stack_name": "F",
  "model_type": "Pipeline",
  "best_params": {
    "xgb_grow": "depthwise",
    "xgb_n": 741,
    "xgb_lr": 0.120860086158112,
    "xgb_d": 9,
    "xgb_sub": 0.7230343851319228,
    "xgb_col": 0.8582014466032437,
    "xgb_alpha": 2.066265945721684,
    "xgb_lambda": 7.546453125614866,
    "xgb_gamma": 7.846898131843799,
    "xgb_min_child": 16,
    "lgb_n": 956,
    "lgb_lr": 0.03009983071366021,
    "lgb_d": 10,
    "lgb_sub": 0.801779376274885,
    "lgb_col": 0.6877330191916528,
    "lgb_leaves": 111,
    "lgb_min_child": 49,
    "lgb_min_weight": 4.625851860978922,
    "lgb_alpha": 0.0019138480644034727,
    "lgb_lambda": 0.02133975818200866,
    "lgb_cat_smooth": 57,
    "lgb_cat_l2": 14.634842678853396,
    "lgb_min_data_bin": 43,
    "lgb_path_smooth": 0.01835533590683558,
    "cat_bootstrap": "Bernoulli",
    "cat_n": 762,
    "cat_lr": 0.06499503086710123,
    "cat_d": 4,
    "cat_l2": 13.756160982761724,
    "cat_rs": 16.747281742484834,
    "cat_leaf_iters": 7,
    "cat_grow": "Lossguide",
    "cat_min_data": 48,
    "cat_border_count": 153,
    "cat_subsample": 0.5808904403810347,
    "meta_log_c": 0.22527707537234173
  },
  "training_samples": 18524,
  "features": [
    "Time_spent_Alone",
    "Social_event_attendance",
    "Going_outside",
    "Friends_circle_size",
    "Post_frequency",
    "Stage_fear_No",
    "Stage_fear_Unknown",
    "Stage_fear_Yes",
    "Drained_after_socializing_No",
    "Drained_after_socializing_Unknown",
    "Drained_after_socializing_Yes",
    "match_p_Extrovert",
    "match_p_Introvert",
    "match_p_Unknown"
  ],
  "target_classes": [
    0,
    1
  ],
  "label_mapping": {
    "0": "Extrovert",
    "1": "Introvert"
  }
}
