{
  "stack_name": "B",
  "model_type": "Pipeline",
  "best_params": {
    "xgb_grow": "lossguide",
    "xgb_n": 618,
    "xgb_lr": 0.026532836616079653,
    "xgb_d": 10,
    "xgb_sub": 0.6218224990746184,
    "xgb_col": 0.5154788017933323,
    "xgb_alpha": 0.00010018414146960518,
    "xgb_lambda": 5.776668590535559,
    "xgb_gamma": 2.5687280253449387,
    "xgb_min_child": 13,
    "xgb_leaves": 103,
    "lgb_n": 742,
    "lgb_lr": 0.22420779274602826,
    "lgb_d": 10,
    "lgb_sub": 0.7785221659358889,
    "lgb_col": 0.8445238666654512,
    "lgb_leaves": 200,
    "lgb_min_child": 52,
    "lgb_min_weight": 0.0014731798407565336,
    "lgb_alpha": 0.5495014085695894,
    "lgb_lambda": 0.002957571897917471,
    "lgb_cat_smooth": 83,
    "lgb_cat_l2": 9.844532765208346,
    "lgb_min_data_bin": 9,
    "lgb_path_smooth": 0.13914971219752972,
    "cat_bootstrap": "Bernoulli",
    "cat_n": 765,
    "cat_lr": 0.016695740917214607,
    "cat_d": 5,
    "cat_l2": 16.177409612249363,
    "cat_rs": 0.16927834793063923,
    "cat_leaf_iters": 6,
    "cat_grow": "SymmetricTree",
    "cat_min_data": 19,
    "cat_border_count": 269,
    "cat_subsample": 0.995359228272607,
    "meta_type": "ridge",
    "meta_ridge_alpha": 0.10675092341939162
  },
  "training_samples": 18524,
  "features": [
    "Time_spent_Alone",
    "Social_event_attendance",
    "Going_outside",
    "Friends_circle_size",
    "Post_frequency",
    "Stage_fear_No",
    "Stage_fear_Unknown",
    "Stage_fear_Yes",
    "Drained_after_socializing_No",
    "Drained_after_socializing_Unknown",
    "Drained_after_socializing_Yes",
    "match_p_Extrovert",
    "match_p_Introvert",
    "match_p_Unknown"
  ],
  "target_classes": [
    0,
    1
  ],
  "label_mapping": {
    "0": "Extrovert",
    "1": "Introvert"
  }
}
